{"levelName":"LevelNormal_30","listIdObjectTarget":["donut_pack_blue"],"objects":[{"name":"donut_pack_blue","posObject":[{"position":{"x":-2.872267246246338,"y":0.20000000298023225,"z":44.80592346191406},"scale":{"x":0.4000000059604645,"y":0.4000000059604645,"z":0.4000000059604645},"rotation":{"x":0.0,"y":0.0,"z":0.0},"exp":1}]}]}