{"nameMap":"MapNormal_2","tiles":[{"name":"Tile_6","posObject":[{"position":{"x":0.09000000357627869,"y":0.0,"z":3.25},"scale":{"x":1.9947999715805054,"y":1.2699999809265137,"z":1.9947999715805054},"rotation":{"x":0.0,"y":0.0,"z":0.0}}]}]}