{"nameMap":"MapNormal_35","tiles":[{"name":"Tile_10","posObject":[{"position":{"x":-0.20000000298023225,"y":0.0,"z":-1.2999999523162842},"scale":{"x":1.2000000476837159,"y":0.2564123868942261,"z":1.2000000476837159},"rotation":{"x":0.0,"y":0.0,"z":0.0}}]},{"name":"Tile_Fence_2","posObject":[{"position":{"x":0.8598098754882813,"y":0.30000001192092898,"z":-1.3148012161254883},"scale":{"x":0.14916808903217317,"y":0.3544551730155945,"z":0.10970093309879303},"rotation":{"x":0.0,"y":0.0,"z":0.0}}]}]}