{"nameMap":"MapNormal_26","tiles":[{"name":"Tile_6","posObject":[{"position":{"x":-0.6957100033760071,"y":0.0,"z":17.46674919128418},"scale":{"x":0.6000000238418579,"y":0.2564123868942261,"z":0.6800000071525574},"rotation":{"x":0.0,"y":0.0,"z":0.0}}]},{"name":"Tile_Ground_1","posObject":[{"position":{"x":-0.6000000238418579,"y":-0.014999999664723874,"z":16.5},"scale":{"x":400.0,"y":590.5,"z":485.3558349609375},"rotation":{"x":270.0,"y":0.0,"z":0.0}}]},{"name":"Tile_Fence_1","posObject":[{"position":{"x":-0.5396000146865845,"y":0.30000001192092898,"z":17.299999237060548},"scale":{"x":0.096286341547966,"y":0.3544551730155945,"z":0.10888456553220749},"rotation":{"x":0.0,"y":0.0,"z":0.0}}]},{"name":"Tile_Fence_2","posObject":[{"position":{"x":0.20000000298023225,"y":0.4000000059604645,"z":16.399999618530275},"scale":{"x":0.03999999910593033,"y":0.3544551730155945,"z":0.05653665214776993},"rotation":{"x":0.0,"y":0.0,"z":0.0}}]}]}