{"nameMap":"MapNormal_37","tiles":[{"name":"Tile_8","posObject":[{"position":{"x":-0.6000000238418579,"y":0.0,"z":-3.700000047683716},"scale":{"x":1.2000000476837159,"y":0.2564123868942261,"z":1.2000000476837159},"rotation":{"x":0.0,"y":0.0,"z":0.0}}]},{"name":"Tile_Fence_2","posObject":[{"position":{"x":1.9591002464294434,"y":0.30000001192092898,"z":0.0003993511199951172},"scale":{"x":0.16807065904140473,"y":0.3544551730155945,"z":0.09320191293954849},"rotation":{"x":0.0,"y":0.0,"z":0.0}}]}]}