{"nameMap":"MapNormal_12","tiles":[{"name":"Tile_Fence_2","posObject":[{"position":{"x":2.1041998863220217,"y":0.3499999940395355,"z":13.509699821472168},"scale":{"x":0.07436245679855347,"y":0.3544551730155945,"z":0.06978226453065872},"rotation":{"x":0.0,"y":0.0,"z":0.0}}]},{"name":"Tile_7","posObject":[{"position":{"x":2.200000047683716,"y":0.0,"z":13.800000190734864},"scale":{"x":0.44999998807907107,"y":0.2564123868942261,"z":0.4000000059604645},"rotation":{"x":0.0,"y":0.0,"z":0.0}}]},{"name":"Tile_Ground_2","posObject":[{"position":{"x":0.4000000059604645,"y":-0.20000000298023225,"z":21.700000762939454},"scale":{"x":501.7675476074219,"y":499.2537841796875,"z":485.3558349609375},"rotation":{"x":270.0,"y":0.0,"z":0.0}}]}]}