{"nameMap":"MapNormal_41","tiles":[{"name":"Tile_Fence_1","posObject":[{"position":{"x":0.3287999927997589,"y":0.3499999940395355,"z":6.694780349731445},"scale":{"x":0.07863113284111023,"y":0.3544551730155945,"z":0.03675910457968712},"rotation":{"x":0.0,"y":0.0,"z":0.0}}]},{"name":"farm_house_2","posObject":[{"position":{"x":8.0,"y":-0.020000018179416658,"z":17.700000762939454},"scale":{"x":30.0,"y":30.0,"z":30.0},"rotation":{"x":270.0,"y":180.0,"z":0.0}}]},{"name":"farm_car","posObject":[{"position":{"x":20.219999313354493,"y":0.07999998331069946,"z":5.230000019073486},"scale":{"x":60.0,"y":60.0,"z":60.0},"rotation":{"x":270.0,"y":0.0,"z":0.0}}]},{"name":"Tile_3","posObject":[{"position":{"x":1.7117972373962403,"y":-0.020000018179416658,"z":6.656286239624023},"scale":{"x":11.0,"y":1.0,"z":11.0},"rotation":{"x":0.0,"y":0.0,"z":0.0}}]}]}