{"nameMap":"MapNormal_18","tiles":[{"name":"Tile_9","posObject":[{"position":{"x":11.699999809265137,"y":0,"z":-11.399999618530274},"scale":{"x":0.4000000059604645,"y":0.2564123868942261,"z":0.4000000059604645},"rotation":{"x":0.0,"y":0.0,"z":0.0}}]},{"name":"Tile_Ground_4","posObject":[{"position":{"x":11.633199691772461,"y":-0.0010000000474974514,"z":-11.10949993133545},"scale":{"x":338.0741271972656,"y":417.6603698730469,"z":485.3558349609375},"rotation":{"x":270.0,"y":0.0,"z":0.0}}]},{"name":"Tile_Fence_4","posObject":[{"position":{"x":11.650800704956055,"y":0.3499999940395355,"z":-11.430699348449707},"scale":{"x":0.06374642252922058,"y":0.3544551730155945,"z":0.06389158219099045},"rotation":{"x":0.0,"y":0.0,"z":0.0}}]}]}