{"nameMap":"MapNormal_15","tiles":[{"name":"Tile_Fence_3","posObject":[{"position":{"x":-1.2000000476837159,"y":0.3499999940395355,"z":14.390600204467774},"scale":{"x":0.048834219574928287,"y":0.3544551730155945,"z":0.07392004132270813},"rotation":{"x":0.0,"y":0.0,"z":0.0}}]},{"name":"Tile_Ground_4","posObject":[{"position":{"x":-1.2380008697509766,"y":-0.20000000298023225,"z":18.24570083618164},"scale":{"x":356.0356140136719,"y":397.70556640625,"z":485.3558349609375},"rotation":{"x":270.0,"y":0.0,"z":0.0}}]},{"name":"Tile_9","posObject":[{"position":{"x":-1.0928993225097657,"y":0,"z":14.5},"scale":{"x":0.27000001072883608,"y":0.2564123868942261,"z":0.4000000059604645},"rotation":{"x":0.0,"y":0.0,"z":0.0}}]}]}