{"nameMap":"MapNormal_7","tiles":[{"name":"Tile_7","posObject":[{"position":{"x":-0.14000000059604646,"y":0.0,"z":11.720000267028809},"scale":{"x":0.27000001072883608,"y":0.2564123868942261,"z":0.4000000059604645},"rotation":{"x":0.0,"y":0.0,"z":0.0}}]},{"name":"Tile_Fence_2","posObject":[{"position":{"x":-0.13999974727630616,"y":0.0,"z":11.725290298461914},"scale":{"x":0.043028801679611209,"y":0.3544551730155945,"z":0.06442351639270783},"rotation":{"x":0.0,"y":0.0,"z":0.0}}]},{"name":"Tile_Ground_2","posObject":[{"position":{"x":-0.13999974727630616,"y":-0.05000000074505806,"z":13.642840385437012},"scale":{"x":287.95843505859377,"y":286.51580810546877,"z":278.5399475097656},"rotation":{"x":270.0,"y":0.0,"z":0.0}}]}]}