{"nameMap":"MapNormal_13","tiles":[{"name":"Tile_Fence_2","posObject":[{"position":{"x":-20.600000381469728,"y":0.3499999940395355,"z":13.399999618530274},"scale":{"x":0.10073379427194596,"y":0.3544551730155945,"z":0.06812969595193863},"rotation":{"x":0.0,"y":0.0,"z":0.0}}]},{"name":"Tile_7","posObject":[{"position":{"x":-20.52349853515625,"y":0,"z":13.264598846435547},"scale":{"x":0.6287699937820435,"y":0.2564123868942261,"z":0.41999998688697817},"rotation":{"x":0.0,"y":0.0,"z":0.0}}]},{"name":"Tile_Ground_2","posObject":[{"position":{"x":-21.583499908447267,"y":-0.20000000298023225,"z":14.499500274658204},"scale":{"x":501.7675476074219,"y":499.2537841796875,"z":485.3558349609375},"rotation":{"x":270.0,"y":0.0,"z":0.0}}]}]}