{"nameMap":"MapNormal_21","tiles":[{"name":"Tile_Fence_1","posObject":[{"position":{"x":12.899999618530274,"y":0.3499999940395355,"z":2.299999952316284},"scale":{"x":0.06374642252922058,"y":0.3544551730155945,"z":0.10888456553220749},"rotation":{"x":0.0,"y":0.0,"z":0.0}}]},{"name":"Tile_6","posObject":[{"position":{"x":12.949197769165039,"y":0,"z":2.222299575805664},"scale":{"x":0.4000000059604645,"y":0.2564123868942261,"z":0.6800000071525574},"rotation":{"x":0.0,"y":0.0,"z":0.0}}]},{"name":"Tile_Ground_1","posObject":[{"position":{"x":12.88239860534668,"y":-0.0010000000474974514,"z":2.512798309326172},"scale":{"x":338.0741271972656,"y":590.5,"z":485.3558349609375},"rotation":{"x":270.0,"y":0.0,"z":0.0}}]},{"name":"farm_house_1","posObject":[{"position":{"x":29.700000762939454,"y":0.01660919189453125,"z":30.5},"scale":{"x":70.0,"y":70.0,"z":70.0},"rotation":{"x":270.0,"y":180.0,"z":0.0}}]}]}