{"nameMap":"MapNormal_6","tiles":[{"name":"Tile_2","posObject":[{"position":{"x":-13.65999984741211,"y":0.0,"z":8.609999656677246},"scale":{"x":8.0,"y":1.0,"z":8.0},"rotation":{"x":0.0,"y":0.0,"z":0.0}}]},{"name":"Tile_Fence_1","posObject":[{"position":{"x":-10.819379806518555,"y":0.3100000023841858,"z":9.357309341430664},"scale":{"x":0.06032903492450714,"y":0.3544551730155945,"z":0.05290481820702553},"rotation":{"x":0.0,"y":0.0,"z":0.0}}]}]}