{"nameMap":"MapNormal_3","tiles":[{"name":"Tile_6","posObject":[{"position":{"x":0.4300000071525574,"y":-0.04978000000119209,"z":21.189998626708986},"scale":{"x":0.5,"y":0.2564123868942261,"z":0.6800000071525574},"rotation":{"x":0.0,"y":0.0,"z":0.0}}]},{"name":"Tile_Fence_1","posObject":[{"position":{"x":-0.057100001722574237,"y":0.3799999952316284,"z":3.390000104904175},"scale":{"x":0.023062607273459436,"y":0.3544551730155945,"z":0.022856643423438073},"rotation":{"x":0.0,"y":0.0,"z":0.0}}]},{"name":"farm_car","posObject":[{"position":{"x":2.190000057220459,"y":0.0,"z":-3.0899999141693117},"scale":{"x":29.0,"y":29.0,"z":29.0},"rotation":{"x":270.019775390625,"y":90.0,"z":0.0}}]}]}