{"nameMap":"MapNormal_16","tiles":[{"name":"Tile_Fence_3","posObject":[{"position":{"x":-9.373900413513184,"y":0.3499999940395355,"z":14.640000343322754},"scale":{"x":0.05022645741701126,"y":0.3544551730155945,"z":0.07392004132270813},"rotation":{"x":0.0,"y":0.0,"z":0.0}}]},{"name":"Tile_Ground_3","posObject":[{"position":{"x":-9.098001480102539,"y":-0.20000000298023225,"z":18.495101928710939},"scale":{"x":356.0356140136719,"y":397.70556640625,"z":485.3558349609375},"rotation":{"x":270.0,"y":0.0,"z":0.0}}]},{"name":"Tile_8","posObject":[{"position":{"x":-8.952899932861329,"y":0,"z":14.74940013885498},"scale":{"x":0.27000001072883608,"y":0.2564123868942261,"z":0.4000000059604645},"rotation":{"x":0.0,"y":0.0,"z":0.0}}]}]}