{"nameMap":"MapNormal_17","tiles":[{"name":"Tile_Fence_3","posObject":[{"position":{"x":11.539999961853028,"y":0.3499999940395355,"z":11.640000343322754},"scale":{"x":0.06374642252922058,"y":0.3544551730155945,"z":0.06389158219099045},"rotation":{"x":0.0,"y":0.0,"z":0.0}}]},{"name":"Tile_Ground_3","posObject":[{"position":{"x":11.522398948669434,"y":-0.20000000298023225,"z":11.961199760437012},"scale":{"x":338.0741271972656,"y":417.6603698730469,"z":485.3558349609375},"rotation":{"x":270.0,"y":0.0,"z":0.0}}]},{"name":"Tile_8","posObject":[{"position":{"x":11.58919906616211,"y":0,"z":11.670700073242188},"scale":{"x":0.4000000059604645,"y":0.2564123868942261,"z":0.4000000059604645},"rotation":{"x":0.0,"y":0.0,"z":0.0}}]}]}