{"nameMap":"MapNormal_19","tiles":[{"name":"Tile_Fence_4","posObject":[{"position":{"x":-3.6491987705230715,"y":0.3499999940395355,"z":21.67770004272461},"scale":{"x":0.06374642252922058,"y":0.3544551730155945,"z":0.10888456553220749},"rotation":{"x":0.0,"y":0.0,"z":0.0}}]},{"name":"Tile_8","posObject":[{"position":{"x":-3.5999999046325685,"y":0,"z":21.600000381469728},"scale":{"x":0.4000000059604645,"y":0.2564123868942261,"z":0.6800000071525574},"rotation":{"x":0.0,"y":0.0,"z":0.0}}]},{"name":"Tile_Ground_3","posObject":[{"position":{"x":-3.666799783706665,"y":-0.0010000000474974514,"z":21.890499114990236},"scale":{"x":338.0741271972656,"y":590.5,"z":485.3558349609375},"rotation":{"x":270.0,"y":0.0,"z":0.0}}]}]}